{
  "project_info": {
    "project_number": "925406681586",
    "firebase_url": "https://disableapp-1307a.firebaseio.com",
    "project_id": "disableapp-1307a",
    "storage_bucket": "disableapp-1307a.appspot.com"
  },
  "client": [
    {
      "client_info": {
        "mobilesdk_app_id": "1:925406681586:android:6017993e6384b73f",
        "android_client_info": {
          "package_name": "com.example.vikasmaurya.disableapp"
        }
      },
      "oauth_client": [
        {
          "client_id": "925406681586-soqels2uc7mkac731o79f86rpg6kohj8.apps.googleusercontent.com",
          "client_type": 3
        },
        {
          "client_id": "925406681586-soqels2uc7mkac731o79f86rpg6kohj8.apps.googleusercontent.com",
          "client_type": 3
        }
      ],
      "api_key": [
        {
          "current_key": "AIzaSyAA_ORN24xxAhSLT_KVDPhO_rQrSwc5Drk"
        }
      ],
      "services": {
        "analytics_service": {
          "status": 1
        },
        "appinvite_service": {
          "status": 1,
          "other_platform_oauth_client": []
        },
        "ads_service": {
          "status": 2
        }
      }
    }
  ],
  "configuration_version": "1"
}