{
  "project_info": {
    "project_number": "74440729929",
    "firebase_url": "https://helper-78b0c.firebaseio.com",
    "project_id": "helper-78b0c",
    "storage_bucket": "helper-78b0c.appspot.com"
  },
  "client": [
    {
      "client_info": {
        "mobilesdk_app_id": "1:74440729929:android:b3abab17f92cfa40",
        "android_client_info": {
          "package_name": "com.example.vikasmaurya.helperapp"
        }
      },
      "oauth_client": [
        {
          "client_id": "74440729929-art8je94viiopkj5qkrk4v91c93jij09.apps.googleusercontent.com",
          "client_type": 1,
          "android_info": {
            "package_name": "com.example.vikasmaurya.helperapp",
            "certificate_hash": "9eb117ca6f3b1a2daef9846a2b62853479523c61"
          }
        },
        {
          "client_id": "74440729929-9l85dev32e0u4c240tsdtejv2ccegj74.apps.googleusercontent.com",
          "client_type": 3
        }
      ],
      "api_key": [
        {
          "current_key": "AIzaSyD-4yHtxdZlGheDxFk4LTskGR6HZFlOxBY"
        }
      ],
      "services": {
        "analytics_service": {
          "status": 1
        },
        "appinvite_service": {
          "status": 2,
          "other_platform_oauth_client": [
            {
              "client_id": "74440729929-9l85dev32e0u4c240tsdtejv2ccegj74.apps.googleusercontent.com",
              "client_type": 3
            }
          ]
        },
        "ads_service": {
          "status": 2
        }
      }
    }
  ],
  "configuration_version": "1"
}